﻿<?xml version="1.0" encoding="utf-8"?>
<publishData>
  <publishProfile publishUrl="E:\Talent" deleteExistingFiles="False" ftpAnonymousLogin="False" ftpPassiveMode="True" msdeploySite="" msdeploySiteID="" msdeployRemoteSitePhysicalPath="" msdeployAllowUntrustedCertificate="False" msdeploySkipExtraFilesOnServer="True" msdeployMarkAsApp="False" profileName="配置文件1" publishMethod="FileSystem" replaceMatchingFiles="True" userName="" savePWD="False" userPWD="" SelectedForPublish="True">
    <file relUrl="TalentInfo/TalentDocument.aspx.cs" publishTime="07/27/2012 19:31:28" />
    <file relUrl="themes/default/images/tabs/tabspage_icon.png" publishTime="05/17/2012 18:44:56" />
    <file relUrl="js/jquery.metadata.js" publishTime="05/21/2012 10:08:14" />
    <file relUrl="bin/Talent.Common.pdb" publishTime="11/18/2012 16:43:49" />
    <file relUrl="TalentClass/TalentClassCx.aspx" publishTime="07/26/2012 20:08:34" />
    <file relUrl="themes/silver/images/progressBar/progressBar_s.gif" publishTime="05/17/2012 18:44:56" />
    <file relUrl="xheditor/xheditor_skin/o2007silver/iframe.css" publishTime="05/22/2012 13:04:20" />
    <file relUrl="xheditor/xheditor_emot/default/crazy.gif" publishTime="05/22/2012 13:04:21" />
    <file relUrl="xheditor/xheditor_emot/msn/34.gif" publishTime="05/22/2012 13:04:21" />
    <file relUrl="xheditor/xheditor_emot/ipb/bandit.gif" publishTime="05/22/2012 13:04:21" />
    <file relUrl="js/jquery.validate1.9.js.bak" publishTime="05/27/2012 20:34:18" />
    <file relUrl="xheditor/xheditor_skin/default/img/anchor.gif" publishTime="05/22/2012 13:04:20" />
    <file relUrl="xheditor/xheditor_skin/nostyle/img/wmp.gif" publishTime="05/22/2012 13:04:20" />
    <file relUrl="themes/silver/images/form/input_bt.png" publishTime="05/17/2012 18:44:56" />
    <file relUrl="xheditor/xheditor_skin/nostyle/img/flash.gif" publishTime="05/22/2012 13:04:20" />
    <file relUrl="xheditor/xheditor_skin/default/img/wmp.gif" publishTime="05/22/2012 13:04:20" />
    <file relUrl="themes/default/style.css" publishTime="05/17/2012 18:44:56" />
    <file relUrl="themes/purple/images/progressBar/progressBar_s.gif" publishTime="05/17/2012 18:44:56" />
    <file relUrl="themes/css/login.css" publishTime="05/17/2012 18:44:55" />
    <file relUrl="themes/default/images/logo.png" publishTime="08/28/2012 22:32:31" />
    <file relUrl="xheditor/xheditor_emot/default/shutup.gif" publishTime="05/22/2012 13:04:21" />
    <file relUrl="themes/silver/images/form/input_bg.png" publishTime="05/17/2012 18:44:56" />
    <file relUrl="login.aspx" publishTime="08/12/2012 19:49:57" />
    <file relUrl="themes/green/images/button/button_s.png" publishTime="05/17/2012 18:44:56" />
    <file relUrl="xheditor/xheditor_skin/vista/img/loading.gif" publishTime="05/22/2012 13:04:20" />
    <file relUrl="xheditor/xheditor_skin/default/img/icons.gif" publishTime="05/22/2012 13:04:20" />
    <file relUrl="themes/default/images/login_content_bg.png" publishTime="05/17/2012 18:44:55" />
    <file relUrl="bin/LTP.Accounts.dll" publishTime="02/02/2012 18:56:06" />
    <file relUrl="themes/default/images/login_bg.png" publishTime="05/17/2012 18:44:55" />
    <file relUrl="xheditor/xheditor_emot/msn/20.gif" publishTime="05/22/2012 13:04:21" />
    <file relUrl="js/public.js" publishTime="09/10/2012 19:53:42" />
    <file relUrl="xheditor/xheditor_skin/default/img/close.gif" publishTime="05/22/2012 13:04:20" />
    <file relUrl="themes/default/images/tabs/tabscontrol.png" publishTime="05/17/2012 18:44:56" />
    <file relUrl="themes/silver/images/pageHeader_bg.png" publishTime="05/17/2012 18:44:56" />
    <file relUrl="bin/Innovate.DBUtility.dll" publishTime="11/18/2012 16:43:48" />
    <file relUrl="js/TalentInfo.js" publishTime="07/24/2012 21:31:27" />
    <file relUrl="xheditor/xheditor_emot/msn/17.gif" publishTime="05/22/2012 13:04:21" />
    <file relUrl="js/dwz.ui.js" publishTime="09/10/2012 19:37:40" />
    <file relUrl="xheditor/xheditor_skin/default/ui.css" publishTime="05/22/2012 13:04:20" />
    <file relUrl="xheditor/xheditor_skin/o2007blue/img/loading.gif" publishTime="05/22/2012 13:04:20" />
    <file relUrl="themes/default/images/shadow/shadow_h_l.png" publishTime="05/17/2012 18:44:56" />
    <file relUrl="themes/purple/images/tabs/tabspage_icon.png" publishTime="05/17/2012 18:44:56" />
    <file relUrl="themes/css/ieHack.css" publishTime="05/17/2012 18:44:55" />
    <file relUrl="xheditor/xheditor_emot/msn/2.gif" publishTime="05/22/2012 13:04:21" />
    <file relUrl="themes/purple/images/shadow/shadow_f_r.png" publishTime="05/17/2012 18:44:56" />
    <file relUrl="xheditor/xheditor_emot/default/fastcry.gif" publishTime="05/22/2012 13:04:21" />
    <file relUrl="TalentClass/TalentClassCx.aspx.cs" publishTime="07/22/2012 15:56:07" />
    <file relUrl="xheditor/xheditor_emot/pidgin/rose.gif" publishTime="05/22/2012 13:04:21" />
    <file relUrl="js/dwz.switchEnv.js" publishTime="05/27/2012 20:34:18" />
    <file relUrl="xheditor/xheditor_emot/pidgin/bye.gif" publishTime="05/22/2012 13:04:21" />
    <file relUrl="themes/azure/images/search-bg.gif" publishTime="05/17/2012 18:44:55" />
    <file relUrl="xheditor/xheditor_emot/pidgin/cry.gif" publishTime="05/22/2012 13:04:21" />
    <file relUrl="xheditor/xheditor_emot/default/tongue.gif" publishTime="05/22/2012 13:04:21" />
    <file relUrl="TalentInfo/TalentDocument.aspx" publishTime="07/24/2012 20:36:37" />
    <file relUrl="themes/purple/images/login_list.png" publishTime="05/17/2012 18:44:56" />
    <file relUrl="xheditor/xheditor_plugins/ubb.min.js" publishTime="05/22/2012 13:04:22" />
    <file relUrl="themes/azure/images/dialog/dialogpanel.png" publishTime="05/17/2012 18:44:55" />
    <file relUrl="TalentInfo/TalentBasic.aspx.designer.cs" publishTime="07/19/2012 07:27:38" />
    <file relUrl="js/dwz.cssTable.js" publishTime="05/27/2012 20:34:18" />
    <file relUrl="bin/Talent.Model.dll" publishTime="11/18/2012 16:43:48" />
    <file relUrl="xheditor/xheditor_skin/default/img/tag-h2.gif" publishTime="05/22/2012 13:04:20" />
    <file relUrl="themes/silver/images/tabs/tabspage_icon.png" publishTime="05/17/2012 18:44:56" />
    <file relUrl="xheditor/xheditor_skin/o2007silver/img/tag-div.gif" publishTime="05/22/2012 13:04:20" />
    <file relUrl="xheditor/xheditor_skin/o2007silver/img/tag-h2.gif" publishTime="05/22/2012 13:04:20" />
    <file relUrl="themes/green/images/tabs/tabspage_icon.png" publishTime="05/17/2012 18:44:56" />
    <file relUrl="js/dwz.tree.js" publishTime="05/27/2012 20:34:18" />
    <file relUrl="TalentInfo/LabelDialog.aspx.designer.cs" publishTime="07/03/2012 21:08:56" />
    <file relUrl="Properties/AssemblyInfo.cs" publishTime="06/28/2012 06:50:24" />
    <file relUrl="TalentInfo/TalentLlist.aspx" publishTime="11/17/2012 15:34:16" />
    <file relUrl="Authority/AuthorityCx.aspx.cs" publishTime="07/30/2012 20:16:11" />
    <file relUrl="xheditor/xheditor_skin/o2007blue/img/tag-h4.gif" publishTime="05/22/2012 13:04:20" />
    <file relUrl="xheditor/xheditor_skin/o2007blue/img/progressbg.gif" publishTime="05/22/2012 13:04:20" />
    <file relUrl="xheditor/xheditor_skin/nostyle/img/tag-p.gif" publishTime="05/22/2012 13:04:20" />
    <file relUrl="xheditor/xheditor_emot/pidgin/shocked.gif" publishTime="05/22/2012 13:04:21" />
    <file relUrl="themes/purple/images/dialog/dialogpanel_icon.png" publishTime="05/17/2012 18:44:56" />
    <file relUrl="xheditor/xheditor_emot/default/cute.gif" publishTime="05/22/2012 13:04:21" />
    <file relUrl="xheditor/xheditor_emot/pidgin/angry.gif" publishTime="05/22/2012 13:04:21" />
    <file relUrl="xheditor/xheditor_plugins/multiupload/img/bg1.gif" publishTime="05/22/2012 13:04:21" />
    <file relUrl="themes/silver/images/menu/menu.png" publishTime="05/17/2012 18:44:56" />
    <file relUrl="themes/azure/images/tree/Thumbs.db" publishTime="05/17/2012 18:44:55" />
    <file relUrl="xheditor/xheditor_skin/o2007blue/img/wmp.gif" publishTime="05/22/2012 13:04:20" />
    <file relUrl="themes/default/images/button/button_s.png" publishTime="05/17/2012 18:44:55" />
    <file relUrl="bin/Talent.Common.dll" publishTime="11/18/2012 16:43:49" />
    <file relUrl="xheditor/xheditor_skin/vista/img/tag-h3.gif" publishTime="05/22/2012 13:04:20" />
    <file relUrl="themes/azure/images/form/input_bg.png" publishTime="05/17/2012 18:44:55" />
    <file relUrl="themes/default/images/panel/panel.png" publishTime="05/17/2012 18:44:55" />
    <file relUrl="xheditor/xheditor_emot/default/angry.gif" publishTime="05/22/2012 13:04:21" />
    <file relUrl="xheditor/xheditor_emot/msn/38.gif" publishTime="05/22/2012 13:04:21" />
    <file relUrl="themes/green/images/account_info_bg.png" publishTime="05/17/2012 18:44:56" />
    <file relUrl="js/dwz.min.js" publishTime="05/17/2012 18:44:54" />
    <file relUrl="Web.csproj.user" publishTime="08/01/2012 21:35:01" />
    <file relUrl="themes/purple/images/shadow/shadow_h_r.png" publishTime="05/17/2012 18:44:56" />
    <file relUrl="themes/purple/images/shadow/shadow_c_c.png" publishTime="05/17/2012 18:44:56" />
    <file relUrl="js/dwz.tab.js" publishTime="05/27/2012 20:34:18" />
    <file relUrl="xheditor/xheditor_emot/default/despise.gif" publishTime="05/22/2012 13:04:21" />
    <file relUrl="themes/green/style.css" publishTime="05/17/2012 18:44:56" />
    <file relUrl="xheditor/xheditor_emot/pidgin/kiss.gif" publishTime="05/22/2012 13:04:21" />
    <file relUrl="TalentInfo/TalentStudy.aspx" publishTime="07/27/2012 15:31:27" />
    <file relUrl="themes/purple/images/panel/panel_icon.png" publishTime="05/17/2012 18:44:56" />
    <file relUrl="themes/green/images/tree/tree.png" publishTime="05/17/2012 18:44:56" />
    <file relUrl="xheditor/xheditor_emot/pidgin/gift.gif" publishTime="05/22/2012 13:04:21" />
    <file relUrl="themes/azure/images/form/input_bt.png" publishTime="05/17/2012 18:44:55" />
    <file relUrl="xheditor/xheditor_skin/vista/iframe.css" publishTime="05/22/2012 13:04:20" />
    <file relUrl="xheditor/xheditor_emot/ipb/angel.gif" publishTime="05/22/2012 13:04:21" />
    <file relUrl="xheditor/xheditor_emot/default/titter.gif" publishTime="05/22/2012 13:04:21" />
    <file relUrl="themes/purple/images/login_bg.png" publishTime="05/17/2012 18:44:56" />
    <file relUrl="xheditor/xheditor_emot/default/sleep.gif" publishTime="05/22/2012 13:04:21" />
    <file relUrl="xheditor/xheditor_plugins/multiupload/img/clear.gif" publishTime="05/22/2012 13:04:22" />
    <file relUrl="xheditor/xheditor_plugins/multiupload/img/start.gif" publishTime="05/22/2012 13:04:22" />
    <file relUrl="xheditor/xheditor_skin/o2007blue/img/close.gif" publishTime="05/22/2012 13:04:20" />
    <file relUrl="xheditor/xheditor_plugins/multiupload/img/add.gif" publishTime="05/22/2012 13:04:21" />
    <file relUrl="themes/silver/images/tabs/tabscontrol.png" publishTime="05/17/2012 18:44:56" />
    <file relUrl="themes/purple/images/accordion/accordion.png" publishTime="05/17/2012 18:44:56" />
    <file relUrl="xheditor/xheditor_emot/ipb/sad.gif" publishTime="05/22/2012 13:04:21" />
    <file relUrl="js/dwz.stable.js" publishTime="05/27/2012 20:34:18" />
    <file relUrl="themes/purple/images/alert/alertpanel_icon.png" publishTime="05/17/2012 18:44:56" />
    <file relUrl="themes/default/images/login_header_bg.png" publishTime="05/17/2012 18:44:55" />
    <file relUrl="themes/default/images/tabs/tabspage.png" publishTime="05/17/2012 18:44:56" />
    <file relUrl="themes/default/images/grid/resizeCol.png" publishTime="05/17/2012 18:44:55" />
    <file relUrl="js/dwz.util.date.js" publishTime="05/27/2012 20:34:18" />
    <file relUrl="themes/default/images/shadow/shadow_f_l.png" publishTime="05/17/2012 18:44:56" />
    <file relUrl="xheditor/xheditor_skin/default/img/waiting.gif" publishTime="05/22/2012 13:04:20" />
    <file relUrl="xheditor/xheditor_skin/default/img/tag-div.gif" publishTime="05/22/2012 13:04:20" />
    <file relUrl="themes/default/images/shadow/shadow_f_c.png" publishTime="05/17/2012 18:44:56" />
    <file relUrl="themes/silver/images/account_info_bg.png" publishTime="05/17/2012 18:44:56" />
    <file relUrl="xheditor/xheditor_skin/vista/img/progressbg.gif" publishTime="05/22/2012 13:04:20" />
    <file relUrl="xheditor/xheditor_emot/default/knock.gif" publishTime="05/22/2012 13:04:21" />
    <file relUrl="xheditor/xheditor_emot/default/smile.gif" publishTime="05/22/2012 13:04:21" />
    <file relUrl="xheditor/xheditor_emot/msn/16.gif" publishTime="05/22/2012 13:04:21" />
    <file relUrl="xheditor/xheditor_skin/o2007blue/img/tag-address.gif" publishTime="05/22/2012 13:04:20" />
    <file relUrl="bin/Talent.Web.dll" publishTime="11/18/2012 16:44:16" />
    <file relUrl="themes/purple/images/form/input_bt.png" publishTime="05/17/2012 18:44:56" />
    <file relUrl="themes/default/images/login_title.png" publishTime="05/17/2012 18:44:55" />
    <file relUrl="xheditor/xheditor_skin/o2007blue/img/waiting.gif" publishTime="05/22/2012 13:04:20" />
    <file relUrl="themes/silver/images/progressBar/progressBar_l.gif" publishTime="05/17/2012 18:44:56" />
    <file relUrl="themes/silver/images/accordion/accordion.png" publishTime="05/17/2012 18:44:56" />
    <file relUrl="themes/silver/images/dialog/dialogpanel_icon.png" publishTime="05/17/2012 18:44:56" />
    <file relUrl="xheditor/xheditor_emot/msn/3.gif" publishTime="05/22/2012 13:04:21" />
    <file relUrl="themes/azure/images/shadow/shadow_h_c.png" publishTime="05/17/2012 18:44:55" />
    <file relUrl="xheditor/xheditor_skin/o2007blue/img/tag-div.gif" publishTime="05/22/2012 13:04:20" />
    <file relUrl="themes/green/images/pageHeader_bg.png" publishTime="05/17/2012 18:44:56" />
    <file relUrl="themes/purple/images/menu/menu.png" publishTime="05/17/2012 18:44:56" />
    <file relUrl="themes/azure/images/progressBar/progressBar_l.gif" publishTime="05/17/2012 18:44:55" />
    <file relUrl="xheditor/xheditor_skin/default/img/tag-h6.gif" publishTime="05/22/2012 13:04:20" />
    <file relUrl="xheditor/xheditor_emot/msn/15.gif" publishTime="05/22/2012 13:04:21" />
    <file relUrl="themes/default/images/login_logo.gif" publishTime="05/17/2012 18:44:55" />
    <file relUrl="themes/default/images/header_bg.png" publishTime="05/17/2012 18:44:55" />
    <file relUrl="xheditor/xheditor_emot/pidgin/sleepy.gif" publishTime="05/22/2012 13:04:21" />
    <file relUrl="themes/azure/images/tree/check.png" publishTime="05/17/2012 18:44:55" />
    <file relUrl="js/dwz.print.js" publishTime="05/27/2012 20:34:18" />
    <file relUrl="TalentCx/TalentCxDialog.aspx" publishTime="08/28/2012 22:25:20" />
    <file relUrl="themes/default/images/login_banner.jpg" publishTime="05/17/2012 18:44:55" />
    <file relUrl="TalentClass/EditTalentClass.aspx.cs" publishTime="07/08/2012 08:01:45" />
    <file relUrl="themes/default/images/shadow/shadow_h_c.png" publishTime="05/17/2012 18:44:56" />
    <file relUrl="themes/azure/images/layout/taskbar_control.png" publishTime="05/17/2012 18:44:55" />
    <file relUrl="themes/default/images/login_list.png" publishTime="05/17/2012 18:44:55" />
    <file relUrl="themes/css/core.css" publishTime="05/17/2012 18:44:55" />
    <file relUrl="xheditor/xheditor_emot/msn/9.gif" publishTime="05/22/2012 13:04:21" />
    <file relUrl="themes/default/images/pageHeader_bg.png" publishTime="05/17/2012 18:44:55" />
    <file relUrl="bin/Microsoft.Web.UI.WebControls.dll" publishTime="02/02/2012 18:56:04" />
    <file relUrl="themes/azure/images/grid/Thumbs.db" publishTime="05/17/2012 18:44:55" />
    <file relUrl="xheditor/xheditor_skin/o2007silver/img/tag-h5.gif" publishTime="05/22/2012 13:04:20" />
    <file relUrl="themes/azure/images/tabs/tabspanel.png" publishTime="05/17/2012 18:44:55" />
    <file relUrl="themes/default/images/dialog/dialogpanel_icon.png" publishTime="05/17/2012 18:44:55" />
    <file relUrl="themes/default/images/tree/folder.png" publishTime="05/17/2012 18:44:56" />
    <file relUrl="xheditor/xheditor_emot/msn/37.gif" publishTime="05/22/2012 13:04:21" />
    <file relUrl="xheditor/xheditor_skin/nostyle/img/tag-h2.gif" publishTime="05/22/2012 13:04:20" />
    <file relUrl="themes/silver/images/tree/check.png" publishTime="05/17/2012 18:44:56" />
    <file relUrl="themes/silver/images/progressBar/progressBar_m.gif" publishTime="05/17/2012 18:44:56" />
    <file relUrl="themes/azure/images/tree/tree.png" publishTime="05/17/2012 18:44:55" />
    <file relUrl="js/dwz.ajax.js" publishTime="07/19/2012 07:13:54" />
    <file relUrl="themes/default/images/layout/toggleSidebar.png" publishTime="05/17/2012 18:44:55" />
    <file relUrl="themes/azure/images/tabs/tabspage.png" publishTime="05/17/2012 18:44:55" />
    <file relUrl="xheditor/xheditor_plugins/multiupload/multiupload.html" publishTime="05/22/2012 13:04:22" />
    <file relUrl="themes/azure/images/menu/Thumbs.db" publishTime="05/17/2012 18:44:55" />
    <file relUrl="themes/silver/images/grid/tableth.png" publishTime="05/17/2012 18:44:56" />
    <file relUrl="themes/silver/images/dialog/dialogpanel.png" publishTime="05/17/2012 18:44:56" />
    <file relUrl="xheditor/xheditor_emot/default/cry.gif" publishTime="05/22/2012 13:04:21" />
    <file relUrl="themes/azure/images/dialog/dialogpanel_icon.png" publishTime="05/17/2012 18:44:55" />
    <file relUrl="themes/silver/images/layout/taskbar_control.png" publishTime="05/17/2012 18:44:56" />
    <file relUrl="xheditor/xheditor_emot/ipb/glare.gif" publishTime="05/22/2012 13:04:21" />
    <file relUrl="bin/IBatisNet.Common.dll" publishTime="02/02/2012 18:56:04" />
    <file relUrl="xheditor/xheditor_emot/ipb/blink.gif" publishTime="05/22/2012 13:04:21" />
    <file relUrl="themes/azure/images/grid/resizeCol.png" publishTime="05/17/2012 18:44:55" />
    <file relUrl="themes/default/images/tabs/tabspanel.png" publishTime="05/17/2012 18:44:56" />
    <file relUrl="themes/silver/images/shadow/shadow_h_l.png" publishTime="05/17/2012 18:44:56" />
    <file relUrl="themes/default/images/login_sub.png" publishTime="05/17/2012 18:44:55" />
    <file relUrl="xheditor/xheditor_emot/msn/33.gif" publishTime="05/22/2012 13:04:21" />
    <file relUrl="themes/default/images/order_up.gif" publishTime="05/17/2012 18:44:55" />
    <file relUrl="themes/purple/images/grid/resizeCol.png" publishTime="05/17/2012 18:44:56" />
    <file relUrl="themes/silver/images/shadow/shadow_c_r.png" publishTime="05/17/2012 18:44:56" />
    <file relUrl="themes/purple/images/shadow/shadow_f_c.png" publishTime="05/17/2012 18:44:56" />
    <file relUrl="js/jquery.cookie.js" publishTime="05/27/2012 20:34:18" />
    <file relUrl="xheditor/xheditor_plugins/multiupload/img/btnbgr.gif" publishTime="05/22/2012 13:04:22" />
    <file relUrl="themes/silver/images/tabs/tabspage.png" publishTime="05/17/2012 18:44:56" />
    <file relUrl="bin/Talent.Model.pdb" publishTime="11/18/2012 16:43:48" />
    <file relUrl="xheditor/xheditor_skin/o2007silver/img/tag-h4.gif" publishTime="05/22/2012 13:04:20" />
    <file relUrl="Global.asax.cs" publishTime="06/28/2012 06:50:24" />
    <file relUrl="themes/purple/images/layout/taskbar_icon.png" publishTime="05/17/2012 18:44:56" />
    <file relUrl="themes/azure/images/layout/taskbar.png" publishTime="05/17/2012 18:44:55" />
    <file relUrl="xheditor/xheditor_emot/msn/26.gif" publishTime="05/22/2012 13:04:21" />
    <file relUrl="xheditor/xheditor_emot/msn/19.gif" publishTime="05/22/2012 13:04:21" />
    <file relUrl="TalentInfo/LabelDialog.aspx" publishTime="07/30/2012 19:59:09" />
    <file relUrl="xheditor/xheditor_skin/nostyle/img/tag-h3.gif" publishTime="05/22/2012 13:04:20" />
    <file relUrl="themes/green/images/layout/toggleSidebar.png" publishTime="05/17/2012 18:44:56" />
    <file relUrl="xheditor/xheditor_plugins/multiupload/img/btnbg.gif" publishTime="05/22/2012 13:04:22" />
    <file relUrl="xheditor/xheditor_plugins/multiupload/img/bg2.gif" publishTime="05/22/2012 13:04:22" />
    <file relUrl="Main.aspx.cs" publishTime="06/30/2012 20:15:54" />
    <file relUrl="js/dwz.navTab.js" publishTime="06/14/2012 20:30:25" />
    <file relUrl="themes/green/images/tabs/tabspanel.png" publishTime="05/17/2012 18:44:56" />
    <file relUrl="xheditor/xheditor_skin/nostyle/img/waiting.gif" publishTime="05/22/2012 13:04:20" />
    <file relUrl="bin/Talent.Web.pdb" publishTime="11/18/2012 16:44:16" />
    <file relUrl="xheditor/xheditor_skin/o2007silver/img/tag-h1.gif" publishTime="05/22/2012 13:04:20" />
    <file relUrl="xheditor/xheditor_skin/vista/img/titlebg.gif" publishTime="05/22/2012 13:04:21" />
    <file relUrl="Global.asax" publishTime="06/28/2012 06:50:24" />
    <file relUrl="uploadify/css/uploadify.css" publishTime="05/17/2012 18:44:56" />
    <file relUrl="themes/azure/images/menu/menu.png" publishTime="05/17/2012 18:44:55" />
    <file relUrl="xheditor/xheditor_emot/msn/23.gif" publishTime="05/22/2012 13:04:21" />
    <file relUrl="xheditor/xheditor_emot/pidgin/shout.gif" publishTime="05/22/2012 13:04:21" />
    <file relUrl="Css/po_titie6.gif" publishTime="07/01/2012 15:45:34" />
    <file relUrl="TalentInfo/TalentInfo.aspx.designer.cs" publishTime="07/01/2012 19:56:43" />
    <file relUrl="themes/azure/images/button/imgX.gif" publishTime="05/17/2012 18:44:55" />
    <file relUrl="TalentInfo/ReportTalent.aspx.designer.cs" publishTime="07/22/2012 19:41:20" />
    <file relUrl="themes/purple/images/grid/grid.png" publishTime="05/17/2012 18:44:56" />
    <file relUrl="xheditor/xheditor_skin/o2007silver/img/close.gif" publishTime="05/22/2012 13:04:20" />
    <file relUrl="themes/silver/images/shadow/shadow_f_l.png" publishTime="05/17/2012 18:44:56" />
    <file relUrl="xheditor/xheditor_skin/o2007blue/img/tag-h3.gif" publishTime="05/22/2012 13:04:20" />
    <file relUrl="themes/green/images/grid/grid.png" publishTime="05/17/2012 18:44:56" />
    <file relUrl="xheditor/xheditor_emot/default/envy.gif" publishTime="05/22/2012 13:04:21" />
    <file relUrl="xheditor/xheditor_skin/default/img/flash.gif" publishTime="05/22/2012 13:04:20" />
    <file relUrl="ajaxWebServices.ashx" publishTime="06/30/2012 07:06:29" />
    <file relUrl="themes/purple/images/shadow/shadow_c_r.png" publishTime="05/17/2012 18:44:56" />
    <file relUrl="themes/silver/images/shadow/shadow_f_c.png" publishTime="05/17/2012 18:44:56" />
    <file relUrl="xheditor/xheditor_skin/default/iframe.css" publishTime="05/22/2012 13:04:20" />
    <file relUrl="Web.csproj" publishTime="08/01/2012 21:35:01" />
    <file relUrl="themes/purple/images/tabs/tabscontrol.png" publishTime="05/17/2012 18:44:56" />
    <file relUrl="TalentInfo/ReportTalent.aspx" publishTime="07/27/2012 21:14:02" />
    <file relUrl="xheditor/xheditor_emot/default/curse.gif" publishTime="05/22/2012 13:04:21" />
    <file relUrl="xheditor/xheditor_skin/nostyle/img/loading.gif" publishTime="05/22/2012 13:04:20" />
    <file relUrl="themes/azure/images/shadow/shadow_h_r.png" publishTime="05/17/2012 18:44:55" />
    <file relUrl="TalentCx/TalentCx.aspx" publishTime="11/18/2012 15:27:08" />
    <file relUrl="js/speedup.js" publishTime="05/27/2012 20:34:18" />
    <file relUrl="xheditor/xheditor_emot/pidgin/soccer.gif" publishTime="05/22/2012 13:04:21" />
    <file relUrl="bin/COM.Excel.dll" publishTime="02/02/2012 18:56:04" />
    <file relUrl="xheditor/xheditor_emot/msn/14.gif" publishTime="05/22/2012 13:04:21" />
    <file relUrl="xheditor/xheditor_plugins/multiupload/multiupload.css" publishTime="05/22/2012 13:04:22" />
    <file relUrl="xheditor/xheditor_skin/o2007blue/ui.css" publishTime="05/22/2012 13:04:20" />
    <file relUrl="xheditor/xheditor_emot/pidgin/love.gif" publishTime="05/22/2012 13:04:21" />
    <file relUrl="xheditor/xheditor_plugins/multiupload/swfupload/swfupload.js" publishTime="05/22/2012 13:04:22" />
    <file relUrl="js/jquery.validate.js" publishTime="05/27/2012 20:34:18" />
    <file relUrl="xheditor/xheditor_skin/default/img/tag-h1.gif" publishTime="05/22/2012 13:04:20" />
    <file relUrl="js/dwz.checkbox.js" publishTime="05/27/2012 20:34:18" />
    <file relUrl="themes/azure/images/shadow/Thumbs.db" publishTime="05/17/2012 18:44:55" />
    <file relUrl="themes/silver/images/grid/grid.png" publishTime="05/17/2012 18:44:56" />
    <file relUrl="xheditor/xheditor_emot/msn/1.gif" publishTime="05/22/2012 13:04:21" />
    <file relUrl="xheditor/xheditor_emot/default/wronged.gif" publishTime="05/22/2012 13:04:21" />
    <file relUrl="xheditor/xheditor_emot/default/panic.gif" publishTime="05/22/2012 13:04:21" />
    <file relUrl="xheditor/xheditor_emot/msn/22.gif" publishTime="05/22/2012 13:04:21" />
    <file relUrl="xheditor/xheditor_skin/o2007silver/img/flash.gif" publishTime="05/22/2012 13:04:20" />
    <file relUrl="xheditor/xheditor_emot/ipb/police.gif" publishTime="05/22/2012 13:04:21" />
    <file relUrl="js/dwz.drag.js" publishTime="05/27/2012 20:34:18" />
    <file relUrl="js/dwz.dialog.js" publishTime="05/27/2012 20:34:18" />
    <file relUrl="themes/default/images/progressBar/progressBar_l.gif" publishTime="05/17/2012 18:44:55" />
    <file relUrl="themes/default/images/form/input_bt.png" publishTime="05/17/2012 18:44:55" />
    <file relUrl="themes/azure/images/alert/alertpanel.png" publishTime="05/17/2012 18:44:55" />
    <file relUrl="themes/azure/images/layout/taskbar_icon.png" publishTime="05/17/2012 18:44:55" />
    <file relUrl="xheditor/xheditor_skin/nostyle/img/progress.gif" publishTime="05/22/2012 13:04:20" />
    <file relUrl="xheditor/xheditor_skin/vista/img/waiting.gif" publishTime="05/22/2012 13:04:21" />
    <file relUrl="themes/silver/images/grid/resizeCol.png" publishTime="05/17/2012 18:44:56" />
    <file relUrl="bin/LtpPageControl.dll" publishTime="02/02/2012 18:56:06" />
    <file relUrl="bin/Innovate.DBUtility.pdb" publishTime="11/18/2012 16:43:48" />
    <file relUrl="bin/Talent.DAL.pdb" publishTime="11/18/2012 16:43:49" />
    <file relUrl="themes/default/images/tree/check.png" publishTime="05/17/2012 18:44:56" />
    <file relUrl="themes/default/images/form/input_bg.png" publishTime="05/17/2012 18:44:55" />
    <file relUrl="themes/azure/images/shadow/shadow_c_l.png" publishTime="05/17/2012 18:44:55" />
    <file relUrl="TalentInfo/ReportTalent.aspx.cs" publishTime="07/27/2012 21:19:00" />
    <file relUrl="themes/green/images/grid/resizeCol.png" publishTime="05/17/2012 18:44:56" />
    <file relUrl="themes/azure/images/shadow/shadow_f_c.png" publishTime="05/17/2012 18:44:55" />
    <file relUrl="xheditor/xheditor_emot/ipb/alien.gif" publishTime="05/22/2012 13:04:21" />
    <file relUrl="xheditor/xheditor_skin/o2007silver/img/loading.gif" publishTime="05/22/2012 13:04:20" />
    <file relUrl="xheditor/xheditor_skin/o2007silver/img/waiting.gif" publishTime="05/22/2012 13:04:20" />
    <file relUrl="xheditor/xheditor_emot/msn/24.gif" publishTime="05/22/2012 13:04:21" />
    <file relUrl="TalentInfo/TalentInfo.aspx.cs" publishTime="11/18/2012 11:33:58" />
    <file relUrl="themes/default/images/tree/tree.png" publishTime="05/17/2012 18:44:56" />
    <file relUrl="themes/purple/images/layout/toggleSidebar.png" publishTime="05/17/2012 18:44:56" />
    <file relUrl="xheditor/xheditor_emot/msn/31.gif" publishTime="05/22/2012 13:04:21" />
    <file relUrl="TalentInfo/LabelDialog.aspx.cs" publishTime="07/30/2012 20:01:29" />
    <file relUrl="themes/silver/images/panel/panel.png" publishTime="05/17/2012 18:44:56" />
    <file relUrl="themes/green/images/panel/panel.png" publishTime="05/17/2012 18:44:56" />
    <file relUrl="xheditor/xheditor_emot/msn/11.gif" publishTime="05/22/2012 13:04:21" />
    <file relUrl="themes/silver/images/layout/taskbar_icon.png" publishTime="05/17/2012 18:44:56" />
    <file relUrl="themes/green/images/form/input_bt.png" publishTime="05/17/2012 18:44:56" />
    <file relUrl="TalentClass/EditTalentClass.aspx.designer.cs" publishTime="07/08/2012 08:44:42" />
    <file relUrl="themes/silver/images/tree/tree.png" publishTime="05/17/2012 18:44:56" />
    <file relUrl="xheditor/xheditor_emot/msn/6.gif" publishTime="05/22/2012 13:04:21" />
    <file relUrl="themes/purple/images/progressBar/progressBar_l.gif" publishTime="05/17/2012 18:44:56" />
    <file relUrl="themes/silver/style.css" publishTime="05/17/2012 18:44:56" />
    <file relUrl="Authority/EditAuthority.aspx.cs" publishTime="07/24/2012 20:28:02" />
    <file relUrl="js/dwz.pagination.js" publishTime="05/27/2012 20:34:18" />
    <file relUrl="themes/azure/images/button/imgX.png" publishTime="05/17/2012 18:44:55" />
    <file relUrl="login.aspx.designer.cs" publishTime="07/17/2012 20:45:31" />
    <file relUrl="Global.asax.resx" publishTime="02/02/2012 18:56:08" />
    <file relUrl="xheditor/xheditor_skin/o2007silver/img/progress.gif" publishTime="05/22/2012 13:04:20" />
    <file relUrl="xheditor/xheditor_emot/msn/18.gif" publishTime="05/22/2012 13:04:21" />
    <file relUrl="xheditor/xheditor_emot/ipb/magician.gif" publishTime="05/22/2012 13:04:21" />
    <file relUrl="themes/default/images/order_down.gif" publishTime="05/17/2012 18:44:55" />
    <file relUrl="xheditor/xheditor-1.1.13-en.min.js" publishTime="05/22/2012 13:04:30" />
    <file relUrl="xheditor/xheditor_emot/ipb/sick.gif" publishTime="05/22/2012 13:04:21" />
    <file relUrl="xheditor/xheditor_skin/o2007blue/img/tag-h2.gif" publishTime="05/22/2012 13:04:20" />
    <file relUrl="Default.aspx.cs" publishTime="11/18/2012 16:43:13" />
    <file relUrl="Css/po_titie6.png" publishTime="07/01/2012 15:41:04" />
    <file relUrl="xheditor/xheditor_skin/default/img/progress.gif" publishTime="05/22/2012 13:04:20" />
    <file relUrl="xheditor/xheditor_skin/o2007blue/img/buttonbg.gif" publishTime="05/22/2012 13:04:20" />
    <file relUrl="xheditor/xheditor_skin/o2007silver/img/tag-p.gif" publishTime="05/22/2012 13:04:20" />
    <file relUrl="TalentInfo/TalentUpkeep.aspx" publishTime="07/30/2012 20:30:44" />
    <file relUrl="xheditor/xheditor_skin/vista/img/tag-h5.gif" publishTime="05/22/2012 13:04:21" />
    <file relUrl="themes/purple/images/tree/check.png" publishTime="05/17/2012 18:44:56" />
    <file relUrl="xheditor/xheditor_emot/ipb/cry.gif" publishTime="05/22/2012 13:04:21" />
    <file relUrl="Default.aspx" publishTime="08/12/2012 19:43:26" />
    <file relUrl="xheditor/xheditor_emot/pidgin/devil.gif" publishTime="05/22/2012 13:04:21" />
    <file relUrl="xheditor/xheditor_skin/o2007silver/img/tag-address.gif" publishTime="05/22/2012 13:04:20" />
    <file relUrl="themes/default/images/panel/panel_icon.png" publishTime="05/17/2012 18:44:55" />
    <file relUrl="xheditor/xheditor_emot/pidgin/wink.gif" publishTime="05/22/2012 13:04:21" />
    <file relUrl="themes/azure/images/grid/tableth.png" publishTime="05/17/2012 18:44:55" />
    <file relUrl="xheditor/xheditor_emot/pidgin/envy.gif" publishTime="05/22/2012 13:04:21" />
    <file relUrl="xheditor/xheditor_emot/pidgin/question.gif" publishTime="05/22/2012 13:04:21" />
    <file relUrl="xheditor/xheditor_skin/o2007blue/img/tag-h1.gif" publishTime="05/22/2012 13:04:20" />
    <file relUrl="bin/Talent.BLL.dll" publishTime="11/18/2012 16:43:50" />
    <file relUrl="js/dwz.barDrag.js" publishTime="05/27/2012 20:34:18" />
    <file relUrl="xheditor/xheditor_skin/o2007silver/img/tag-h6.gif" publishTime="05/22/2012 13:04:20" />
    <file relUrl="Authority/AuthorityCx.aspx.designer.cs" publishTime="07/16/2012 20:19:12" />
    <file relUrl="xheditor/xheditor_skin/nostyle/iframe.css" publishTime="05/22/2012 13:04:20" />
    <file relUrl="xheditor/xheditor_emot/default/bye.gif" publishTime="05/22/2012 13:04:21" />
    <file relUrl="themes/purple/images/panel/panel.png" publishTime="05/17/2012 18:44:56" />
    <file relUrl="js/dwz.regional.zh.js" publishTime="05/27/2012 20:34:18" />
    <file relUrl="xheditor/xheditor_emot/pidgin/coffee.gif" publishTime="05/22/2012 13:04:21" />
    <file relUrl="themes/purple/images/grid/tableth.png" publishTime="05/17/2012 18:44:56" />
    <file relUrl="TalentCx/TalentCx.aspx.cs" publishTime="11/18/2012 15:24:10" />
    <file relUrl="themes/default/images/search-bg.gif" publishTime="05/17/2012 18:44:55" />
    <file relUrl="themes/azure/images/shadow/shadow_c_c.png" publishTime="05/17/2012 18:44:55" />
    <file relUrl="uploadify/cancel.png" publishTime="05/17/2012 18:44:56" />
    <file relUrl="xheditor/xheditor_emot/msn/28.gif" publishTime="05/22/2012 13:04:21" />
    <file relUrl="themes/azure/images/search-bt.gif" publishTime="05/17/2012 18:44:55" />
    <file relUrl="themes/default/images/button/imgX.gif" publishTime="05/17/2012 18:44:55" />
    <file relUrl="themes/purple/images/alert/alertpanel.png" publishTime="05/17/2012 18:44:56" />
    <file relUrl="xheditor/xheditor_skin/default/img/tag-h5.gif" publishTime="05/22/2012 13:04:20" />
    <file relUrl="xheditor/xheditor_skin/vista/img/tag-div.gif" publishTime="05/22/2012 13:04:20" />
    <file relUrl="themes/purple/images/form/input_bg.png" publishTime="05/17/2012 18:44:56" />
    <file relUrl="Web.Publish.xml" publishTime="09/10/2012 19:56:53" />
    <file relUrl="xheditor/xheditor_skin/vista/img/tag-p.gif" publishTime="05/22/2012 13:04:21" />
    <file relUrl="xheditor/xheditor_emot/pidgin/smile.gif" publishTime="05/22/2012 13:04:21" />
    <file relUrl="xheditor/xheditor_emot/msn/36.gif" publishTime="05/22/2012 13:04:21" />
    <file relUrl="js/dwz.datepicker.js" publishTime="07/22/2012 21:47:11" />
    <file relUrl="xheditor/xheditor_emot/msn/32.gif" publishTime="05/22/2012 13:04:21" />
    <file relUrl="themes/azure/images/listLine.png" publishTime="05/17/2012 18:44:55" />
    <file relUrl="themes/default/images/accordion/accordion.png" publishTime="05/17/2012 18:44:55" />
    <file relUrl="xheditor/xheditor_skin/nostyle/img/progressbg.gif" publishTime="05/22/2012 13:04:20" />
    <file relUrl="themes/default/images/account_info_bg.png" publishTime="05/17/2012 18:44:55" />
    <file relUrl="themes/default/images/progressBar/progressBar_s.gif" publishTime="05/17/2012 18:44:55" />
    <file relUrl="themes/silver/images/layout/toggleSidebar.png" publishTime="05/17/2012 18:44:56" />
    <file relUrl="xheditor/xheditor_skin/nostyle/img/tag-h1.gif" publishTime="05/22/2012 13:04:20" />
    <file relUrl="TalentClass/TalentClassCx.aspx.designer.cs" publishTime="07/08/2012 08:10:23" />
    <file relUrl="js/dwz.combox.js" publishTime="05/27/2012 20:34:18" />
    <file relUrl="xheditor/xheditor_emot/pidgin/cool.gif" publishTime="05/22/2012 13:04:21" />
    <file relUrl="xheditor/xheditor_skin/o2007silver/ui.css" publishTime="05/22/2012 13:04:20" />
    <file relUrl="xheditor/xheditor_emot/msn/25.gif" publishTime="05/22/2012 13:04:21" />
    <file relUrl="xheditor/xheditor_emot/default/sad.gif" publishTime="05/22/2012 13:04:21" />
    <file relUrl="js/jquery-1.7.1.js" publishTime="05/27/2012 20:34:18" />
    <file relUrl="js/dwz.history.js" publishTime="05/27/2012 20:34:18" />
    <file relUrl="xheditor/xheditor_emot/ipb/sideways.gif" publishTime="05/22/2012 13:04:21" />
    <file relUrl="xheditor/xheditor_skin/o2007blue/img/tag-p.gif" publishTime="05/22/2012 13:04:20" />
    <file relUrl="themes/azure/images/layout/Thumbs.db" publishTime="05/17/2012 18:44:55" />
    <file relUrl="themes/silver/images/alert/alertpanel_icon.png" publishTime="05/17/2012 18:44:56" />
    <file relUrl="xheditor/xheditor_emot/msn/30.gif" publishTime="05/22/2012 13:04:21" />
    <file relUrl="themes/green/images/header_bg.png" publishTime="05/17/2012 18:44:56" />
    <file relUrl="xheditor/xheditor_skin/nostyle/img/tag-div.gif" publishTime="05/22/2012 13:04:20" />
    <file relUrl="xheditor/xheditor_skin/o2007blue/img/tag-h5.gif" publishTime="05/22/2012 13:04:20" />
    <file relUrl="js/dwz.theme.js" publishTime="05/27/2012 20:34:18" />
    <file relUrl="xheditor/xheditor_emot/default/awkward.gif" publishTime="05/22/2012 13:04:21" />
    <file relUrl="themes/azure/images/progressBar/progressBar_m.gif" publishTime="05/17/2012 18:44:55" />
    <file relUrl="js/dwz.effects.js" publishTime="05/27/2012 20:34:18" />
    <file relUrl="xheditor/xheditor_emot/msn/35.gif" publishTime="05/22/2012 13:04:21" />
    <file relUrl="TalentInfo/TalentBasic.aspx" publishTime="07/27/2012 17:55:42" />
    <file relUrl="xheditor/xheditor_skin/o2007blue/img/tag-pre.gif" publishTime="05/22/2012 13:04:20" />
    <file relUrl="xheditor/xheditor_emot/ipb/wondering.gif" publishTime="05/22/2012 13:04:21" />
    <file relUrl="themes/azure/images/panel/panel_icon.png" publishTime="05/17/2012 18:44:55" />
    <file relUrl="themes/purple/images/shadow/shadow_f_l.png" publishTime="05/17/2012 18:44:56" />
    <file relUrl="xheditor/xheditor_emot/default/proud.gif" publishTime="05/22/2012 13:04:21" />
    <file relUrl="themes/silver/images/tree/folder.png" publishTime="05/17/2012 18:44:56" />
    <file relUrl="themes/default/images/layout/taskbar_control.png" publishTime="05/17/2012 18:44:55" />
    <file relUrl="themes/silver/images/button/button_s.png" publishTime="05/17/2012 18:44:56" />
    <file relUrl="bin/Excel.dll" publishTime="02/02/2012 18:56:04" />
    <file relUrl="xheditor/xheditor_emot/pidgin/brokenheart.gif" publishTime="05/22/2012 13:04:21" />
    <file relUrl="xheditor/xheditor_emot/ipb/wub.gif" publishTime="05/22/2012 13:04:21" />
    <file relUrl="themes/green/images/tabs/tabspage.png" publishTime="05/17/2012 18:44:56" />
    <file relUrl="themes/azure/images/icon.png" publishTime="05/17/2012 18:44:55" />
    <file relUrl="themes/green/images/form/input_bg.png" publishTime="05/17/2012 18:44:56" />
    <file relUrl="index.aspx" publishTime="11/03/2012 10:59:04" />
    <file relUrl="xheditor/xheditor_skin/o2007silver/img/tag-pre.gif" publishTime="05/22/2012 13:04:20" />
    <file relUrl="js/dwz.core.js" publishTime="05/27/2012 20:34:18" />
    <file relUrl="themes/default/images/menu/menu.png" publishTime="05/17/2012 18:44:55" />
    <file relUrl="xheditor/xheditor_emot/pidgin/music.gif" publishTime="05/22/2012 13:04:21" />
    <file relUrl="xheditor/xheditor_skin/default/img/loading.gif" publishTime="05/22/2012 13:04:20" />
    <file relUrl="xheditor/xheditor_emot/default/mad.gif" publishTime="05/22/2012 13:04:21" />
    <file relUrl="themes/default/images/alert/alertpanel.png" publishTime="05/17/2012 18:44:55" />
    <file relUrl="themes/purple/images/shadow/shadow_c_l.png" publishTime="05/17/2012 18:44:56" />
    <file relUrl="js/map.js" publishTime="07/22/2012 09:53:37" />
    <file relUrl="themes/purple/images/login_header_bg.png" publishTime="05/17/2012 18:44:56" />
    <file relUrl="themes/purple/images/progressBar/progressBar_m.gif" publishTime="05/17/2012 18:44:56" />
    <file relUrl="xheditor/xheditor_emot/msn/21.gif" publishTime="05/22/2012 13:04:21" />
    <file relUrl="xheditor/xheditor_skin/vista/img/close.gif" publishTime="05/22/2012 13:04:20" />
    <file relUrl="js/dwz.database.js" publishTime="05/27/2012 20:34:18" />
    <file relUrl="xheditor/xheditor_skin/default/img/tag-h3.gif" publishTime="05/22/2012 13:04:20" />
    <file relUrl="js/dwz.taskBar.js" publishTime="05/27/2012 20:34:18" />
    <file relUrl="themes/azure/images/grid/grid.png" publishTime="05/17/2012 18:44:55" />
    <file relUrl="xheditor/xheditor_emot/ipb/heart.gif" publishTime="05/22/2012 13:04:21" />
    <file relUrl="themes/silver/images/layout/taskbar.png" publishTime="05/17/2012 18:44:56" />
    <file relUrl="themes/azure/images/layout/toggleSidebar.png" publishTime="05/17/2012 18:44:55" />
    <file relUrl="xheditor/xheditor_emot/default/config.txt" publishTime="05/22/2012 13:04:21" />
    <file relUrl="Map/Map.aspx.designer.cs" publishTime="07/11/2012 06:54:46" />
    <file relUrl="bin/Talent.DAL.dll" publishTime="11/18/2012 16:43:49" />
    <file relUrl="js/dwz.panel.js" publishTime="05/27/2012 20:34:18" />
    <file relUrl="dwz.frag.xml" publishTime="07/22/2012 21:38:20" />
    <file relUrl="xheditor/xheditor_skin/o2007blue/img/flash.gif" publishTime="05/22/2012 13:04:20" />
    <file relUrl="themes/azure/images/account_info_bg.png" publishTime="05/17/2012 18:44:55" />
    <file relUrl="themes/azure/images/order_up.gif" publishTime="05/17/2012 18:44:55" />
    <file relUrl="themes/default/images/shadow/shadow_c_l.png" publishTime="05/17/2012 18:44:56" />
    <file relUrl="xheditor/xheditor_plugins/multiupload/img/progressbg.gif" publishTime="05/22/2012 13:04:22" />
    <file relUrl="themes/azure/images/shadow/shadow_f_l.png" publishTime="05/17/2012 18:44:55" />
    <file relUrl="TalentInfo/TalentUpkeep.aspx.cs" publishTime="07/30/2012 20:30:56" />
    <file relUrl="xheditor/xheditor_emot/ipb/cool.gif" publishTime="05/22/2012 13:04:21" />
    <file relUrl="TalentInfo/TalentStudy.aspx.cs" publishTime="07/22/2012 10:26:42" />
    <file relUrl="Map/Map.aspx" publishTime="07/30/2012 20:27:32" />
    <file relUrl="themes/silver/images/tabs/tabspanel.png" publishTime="05/17/2012 18:44:56" />
    <file relUrl="themes/purple/style.css" publishTime="05/17/2012 18:44:56" />
    <file relUrl="xheditor/xheditor_emot/msn/29.gif" publishTime="05/22/2012 13:04:21" />
    <file relUrl="themes/silver/images/shadow/shadow_h_r.png" publishTime="05/17/2012 18:44:56" />
    <file relUrl="xheditor/xheditor_emot/pidgin/laugh.gif" publishTime="05/22/2012 13:04:21" />
    <file relUrl="themes/default/images/grid/grid.png" publishTime="05/17/2012 18:44:55" />
    <file relUrl="xheditor/xheditor_emot/pidgin/sick.gif" publishTime="05/22/2012 13:04:21" />
    <file relUrl="xheditor/xheditor_skin/o2007silver/img/anchor.gif" publishTime="05/22/2012 13:04:20" />
    <file relUrl="TalentInfo/TalentLlist.aspx.cs" publishTime="11/18/2012 16:02:30" />
    <file relUrl="themes/azure/images/progressBar/progressBar_s.gif" publishTime="05/17/2012 18:44:55" />
    <file relUrl="xheditor/xheditor_skin/nostyle/img/tag-h6.gif" publishTime="05/22/2012 13:04:20" />
    <file relUrl="xheditor/xheditor_skin/o2007silver/img/buttonbg.gif" publishTime="05/22/2012 13:04:20" />
    <file relUrl="themes/silver/images/panel/panel_icon.png" publishTime="05/17/2012 18:44:56" />
    <file relUrl="themes/default/images/shadow/shadow_c_r.png" publishTime="05/17/2012 18:44:56" />
    <file relUrl="themes/purple/images/login_content_bg.png" publishTime="05/17/2012 18:44:56" />
    <file relUrl="xheditor/xheditor_emot/pidgin/tired.gif" publishTime="05/22/2012 13:04:21" />
    <file relUrl="js/dwz.alertMsg.js" publishTime="05/27/2012 20:34:18" />
    <file relUrl="themes/azure/style.css" publishTime="05/17/2012 18:44:55" />
    <file relUrl="xheditor/xheditor_skin/vista/img/buttonbg.gif" publishTime="05/22/2012 13:04:20" />
    <file relUrl="xheditor/xheditor_emot/msn/13.gif" publishTime="05/22/2012 13:04:21" />
    <file relUrl="themes/azure/images/shadow/shadow_f_r.png" publishTime="05/17/2012 18:44:55" />
    <file relUrl="xheditor/xheditor_emot/ipb/pinch.gif" publishTime="05/22/2012 13:04:21" />
    <file relUrl="js/jquery.colorPicker.js" publishTime="07/08/2012 08:41:21" />
    <file relUrl="themes/default/images/icon.png" publishTime="05/17/2012 18:44:55" />
    <file relUrl="Css/bmapCommon.css" publishTime="07/15/2012 10:21:59" />
    <file relUrl="TalentCx/TalentCxDialog.aspx.designer.cs" publishTime="07/03/2012 20:08:42" />
    <file relUrl="js/dwz.validate.method.js" publishTime="05/27/2012 20:34:18" />
    <file relUrl="xheditor/xheditor_emot/ipb/devil.gif" publishTime="05/22/2012 13:04:21" />
    <file relUrl="themes/default/images/search-bt.gif" publishTime="05/17/2012 18:44:55" />
    <file relUrl="xheditor/xheditor_skin/nostyle/img/icons.gif" publishTime="05/22/2012 13:04:20" />
    <file relUrl="xheditor/xheditor_skin/vista/ui.css" publishTime="05/22/2012 13:04:21" />
    <file relUrl="themes/azure/images/tabs/tabscontrol.png" publishTime="05/17/2012 18:44:55" />
    <file relUrl="Authority/AuthorityCx.aspx" publishTime="11/03/2012 11:04:38" />
    <file relUrl="xheditor/xheditor_emot/default/struggle.gif" publishTime="05/22/2012 13:04:21" />
    <file relUrl="themes/default/images/shadow/shadow_f_r.png" publishTime="05/17/2012 18:44:56" />
    <file relUrl="xheditor/xheditor_emot/default/laugh.gif" publishTime="05/22/2012 13:04:21" />
    <file relUrl="Main.aspx.designer.cs" publishTime="06/30/2012 20:16:18" />
    <file relUrl="xheditor/xheditor_skin/nostyle/img/close.gif" publishTime="05/22/2012 13:04:20" />
    <file relUrl="themes/purple/images/tabs/tabspage.png" publishTime="05/17/2012 18:44:56" />
    <file relUrl="TalentInfo/TalentDocument.aspx.designer.cs" publishTime="07/15/2012 09:05:45" />
    <file relUrl="themes/css/print.css" publishTime="05/17/2012 18:44:55" />
    <file relUrl="themes/default/images/dialog/dialogpanel.png" publishTime="05/17/2012 18:44:55" />
    <file relUrl="bin/Talent.BLL.pdb" publishTime="11/18/2012 16:43:50" />
    <file relUrl="themes/azure/images/order_down.gif" publishTime="05/17/2012 18:44:55" />
    <file relUrl="themes/purple/images/button/button_s.png" publishTime="05/17/2012 18:44:56" />
    <file relUrl="themes/silver/images/listLine.png" publishTime="05/17/2012 18:44:56" />
    <file relUrl="xheditor/xheditor_skin/vista/img/tag-pre.gif" publishTime="05/22/2012 13:04:21" />
    <file relUrl="xheditor/xheditor_emot/ipb/angry.gif" publishTime="05/22/2012 13:04:21" />
    <file relUrl="xheditor/xheditor_emot/pidgin/cute.gif" publishTime="05/22/2012 13:04:21" />
    <file relUrl="xheditor/xheditor_emot/msn/8.gif" publishTime="05/22/2012 13:04:21" />
    <file relUrl="themes/azure/images/preview.png" publishTime="05/17/2012 18:44:55" />
    <file relUrl="uploadify/scripts/jquery.uploadify.v2.1.0.js" publishTime="05/17/2012 18:44:56" />
    <file relUrl="xheditor/xheditor_emot/pidgin/sad.gif" publishTime="05/22/2012 13:04:21" />
    <file relUrl="TalentInfo/TalentInfo.aspx" publishTime="07/21/2012 06:40:48" />
    <file relUrl="xheditor/xheditor_emot/ipb/biglaugh.gif" publishTime="05/22/2012 13:04:21" />
    <file relUrl="Authority/EditAuthority.aspx.designer.cs" publishTime="07/17/2012 19:38:21" />
    <file relUrl="xheditor/xheditor_skin/o2007blue/img/anchor.gif" publishTime="05/22/2012 13:04:20" />
    <file relUrl="xheditor/xheditor_skin/vista/img/icons.gif" publishTime="05/22/2012 13:04:20" />
    <file relUrl="xheditor/xheditor_emot/msn/27.gif" publishTime="05/22/2012 13:04:21" />
    <file relUrl="themes/purple/images/tabs/tabspanel.png" publishTime="05/17/2012 18:44:56" />
    <file relUrl="themes/purple/images/shadow/shadow_h_c.png" publishTime="05/17/2012 18:44:56" />
    <file relUrl="xheditor/xheditor_emot/msn/12.gif" publishTime="05/22/2012 13:04:21" />
    <file relUrl="xheditor/xheditor_emot/ipb/config.txt" publishTime="05/22/2012 13:04:21" />
    <file relUrl="themes/azure/images/tabs/tabspage_icon.png" publishTime="05/17/2012 18:44:55" />
    <file relUrl="index.aspx.designer.cs" publishTime="07/21/2012 13:38:48" />
    <file relUrl="themes/silver/images/shadow/shadow_f_r.png" publishTime="05/17/2012 18:44:56" />
    <file relUrl="xheditor/xheditor-1.1.13-zh-tw.min.js" publishTime="05/22/2012 13:04:30" />
    <file relUrl="xheditor/xheditor_emot/ipb/surprised.gif" publishTime="05/22/2012 13:04:21" />
    <file relUrl="js/dwz.accordion.js" publishTime="05/27/2012 20:34:16" />
    <file relUrl="themes/azure/images/shadow/shadow_h_l.png" publishTime="05/17/2012 18:44:55" />
    <file relUrl="xheditor/xheditor_skin/o2007blue/iframe.css" publishTime="05/22/2012 13:04:20" />
    <file relUrl="TalentClass/EditTalentClass.aspx" publishTime="07/08/2012 09:26:52" />
    <file relUrl="themes/purple/images/tree/tree.png" publishTime="05/17/2012 18:44:56" />
    <file relUrl="js/dwz.resize.js" publishTime="05/27/2012 20:34:18" />
    <file relUrl="Map/Map.aspx.cs" publishTime="07/22/2012 18:12:48" />
    <file relUrl="xheditor/xheditor_skin/default/img/tag-p.gif" publishTime="05/22/2012 13:04:20" />
    <file relUrl="xheditor/xheditor_emot/default/shy.gif" publishTime="05/22/2012 13:04:21" />
    <file relUrl="xheditor/xheditor_emot/msn/4.gif" publishTime="05/22/2012 13:04:21" />
    <file relUrl="index.aspx.cs" publishTime="07/17/2012 21:54:57" />
    <file relUrl="login.aspx.cs" publishTime="08/12/2012 19:37:56" />
    <file relUrl="report.ashx" publishTime="07/22/2012 09:56:01" />
    <file relUrl="themes/green/images/tabs/tabscontrol.png" publishTime="05/17/2012 18:44:56" />
    <file relUrl="themes/azure/images/shadow/shadow_c_r.png" publishTime="05/17/2012 18:44:55" />
    <file relUrl="xheditor/xheditor_emot/default/ohmy.gif" publishTime="05/22/2012 13:04:21" />
    <file relUrl="xheditor/xheditor_emot/pidgin/curse.gif" publishTime="05/22/2012 13:04:21" />
    <file relUrl="themes/azure/images/alert/alertpanel_icon.png" publishTime="05/17/2012 18:44:55" />
    <file relUrl="xheditor/xheditor_emot/ipb/unsure.gif" publishTime="05/22/2012 13:04:21" />
    <file relUrl="xheditor/xheditor_emot/pidgin/config.txt" publishTime="05/22/2012 13:04:21" />
    <file relUrl="xheditor/xheditor_emot/pidgin/bad.gif" publishTime="05/22/2012 13:04:21" />
    <file relUrl="themes/purple/images/dialog/dialogpanel.png" publishTime="05/17/2012 18:44:56" />
    <file relUrl="themes/purple/images/header_bg.png" publishTime="05/17/2012 18:44:56" />
    <file relUrl="xheditor/xheditor_skin/vista/img/tag-h4.gif" publishTime="05/22/2012 13:04:21" />
    <file relUrl="themes/green/images/panel/panel_icon.png" publishTime="05/17/2012 18:44:56" />
    <file relUrl="themes/default/images/themeButton.png" publishTime="05/17/2012 18:44:56" />
    <file relUrl="xheditor/xheditor_skin/nostyle/img/anchor.gif" publishTime="05/22/2012 13:04:20" />
    <file relUrl="ajaxWebServices.ashx.cs" publishTime="08/23/2012 20:43:37" />
    <file relUrl="themes/purple/images/account_info_bg.png" publishTime="05/17/2012 18:44:56" />
    <file relUrl="themes/silver/images/shadow/shadow_c_c.png" publishTime="05/17/2012 18:44:56" />
    <file relUrl="xheditor/xheditor_emot/msn/5.gif" publishTime="05/22/2012 13:04:21" />
    <file relUrl="xheditor/xheditor_skin/default/img/tag-pre.gif" publishTime="05/22/2012 13:04:20" />
    <file relUrl="TalentInfo/TalentUpkeep.aspx.designer.cs" publishTime="07/26/2012 20:54:07" />
    <file relUrl="themes/default/images/layout/taskbar.png" publishTime="05/17/2012 18:44:55" />
    <file relUrl="xheditor/xheditor_skin/nostyle/img/tag-h4.gif" publishTime="05/22/2012 13:04:20" />
    <file relUrl="Main.aspx" publishTime="06/30/2012 20:16:20" />
    <file relUrl="themes/green/images/accordion/accordion.png" publishTime="05/17/2012 18:44:56" />
    <file relUrl="xheditor/xheditor_emot/ipb/w00t.gif" publishTime="05/22/2012 13:04:21" />
    <file relUrl="Authority/EditAuthority.aspx" publishTime="11/03/2012 11:11:18" />
    <file relUrl="xheditor/xheditor_emot/pidgin/good.gif" publishTime="05/22/2012 13:04:21" />
    <file relUrl="themes/azure/images/tree/folder.png" publishTime="05/17/2012 18:44:55" />
    <file relUrl="xheditor/xheditor_skin/default/img/tag-h4.gif" publishTime="05/22/2012 13:04:20" />
    <file relUrl="themes/green/images/grid/tableth.png" publishTime="05/17/2012 18:44:56" />
    <file relUrl="themes/azure/images/accordion/accordion.png" publishTime="05/17/2012 18:44:55" />
    <file relUrl="TalentCx/TalentCxDialog.aspx.cs" publishTime="07/03/2012 20:08:27" />
    <file relUrl="js/dwz.sortDrag.js" publishTime="05/27/2012 20:34:18" />
    <file relUrl="xheditor/xheditor_skin/vista/img/anchor.gif" publishTime="05/22/2012 13:04:20" />
    <file relUrl="themes/silver/images/alert/alertpanel.png" publishTime="05/17/2012 18:44:56" />
    <file relUrl="Css/po.png" publishTime="07/01/2012 15:41:04" />
    <file relUrl="TalentInfo/TalentBasic.aspx.cs" publishTime="07/27/2012 17:54:59" />
    <file relUrl="xheditor/xheditor_emot/ipb/tongue.gif" publishTime="05/22/2012 13:04:21" />
    <file relUrl="xheditor/xheditor_skin/o2007silver/img/icons.gif" publishTime="05/22/2012 13:04:20" />
    <file relUrl="xheditor/xheditor_emot/ipb/joyful.gif" publishTime="05/22/2012 13:04:21" />
    <file relUrl="xheditor/xheditor_emot/pidgin/sweat.gif" publishTime="05/22/2012 13:04:21" />
    <file relUrl="xheditor/xheditor_skin/nostyle/img/tag-address.gif" publishTime="05/22/2012 13:04:20" />
    <file relUrl="themes/green/images/dialog/dialogpanel_icon.png" publishTime="05/17/2012 18:44:56" />
    <file relUrl="xheditor/xheditor_skin/vista/img/flash.gif" publishTime="05/22/2012 13:04:20" />
    <file relUrl="uploadify/scripts/uploadify.swf" publishTime="05/17/2012 18:44:56" />
    <file relUrl="themes/default/images/progressBar/progressBar_m.gif" publishTime="05/17/2012 18:44:55" />
    <file relUrl="js/dwz.contextmenu.js" publishTime="05/27/2012 20:34:18" />
    <file relUrl="xheditor/xheditor_emot/ipb/sleep.gif" publishTime="05/22/2012 13:04:21" />
    <file relUrl="xheditor/xheditor_emot/ipb/whistling.gif" publishTime="05/22/2012 13:04:21" />
    <file relUrl="bin/OpenSmtp.dll" publishTime="02/02/2012 18:56:10" />
    <file relUrl="themes/default/images/listLine.png" publishTime="05/17/2012 18:44:55" />
    <file relUrl="themes/purple/images/shadow/shadow_h_l.png" publishTime="05/17/2012 18:44:56" />
    <file relUrl="Web.idc" publishTime="07/09/2012 20:44:58" />
    <file relUrl="xheditor/xheditor_skin/o2007silver/img/tag-h3.gif" publishTime="05/22/2012 13:04:20" />
    <file relUrl="js/dwz.dialogDrag.js" publishTime="05/27/2012 20:34:18" />
    <file relUrl="themes/azure/images/progressBar/Thumbs.db" publishTime="05/17/2012 18:44:55" />
    <file relUrl="themes/purple/images/tree/folder.png" publishTime="05/17/2012 18:44:56" />
    <file relUrl="xheditor/xheditor_emot/ipb/ninja.gif" publishTime="05/22/2012 13:04:21" />
    <file relUrl="xheditor/xheditor_skin/o2007silver/img/progressbg.gif" publishTime="05/22/2012 13:04:20" />
    <file relUrl="Default.aspx.designer.cs" publishTime="08/12/2012 19:43:26" />
    <file relUrl="xheditor/xheditor_emot/default/quiet.gif" publishTime="05/22/2012 13:04:21" />
    <file relUrl="xheditor/xheditor_skin/vista/img/wmp.gif" publishTime="05/22/2012 13:04:21" />
    <file relUrl="themes/silver/images/shadow/shadow_h_c.png" publishTime="05/17/2012 18:44:56" />
    <file relUrl="xheditor/xheditor_skin/vista/img/tag-h6.gif" publishTime="05/22/2012 13:04:21" />
    <file relUrl="xheditor/xheditor_plugins/multiupload/multiupload.js" publishTime="05/22/2012 13:04:22" />
    <file relUrl="bin/Tools.dll" publishTime="02/25/2012 20:02:45" />
    <file relUrl="Web.config" publishTime="07/26/2012 19:27:47" />
    <file relUrl="xheditor/xheditor_emot/msn/7.gif" publishTime="05/22/2012 13:04:21" />
    <file relUrl="themes/default/images/alert/alertpanel_icon.png" publishTime="05/17/2012 18:44:55" />
    <file relUrl="xheditor/xheditor_skin/o2007silver/img/wmp.gif" publishTime="05/22/2012 13:04:20" />
    <file relUrl="xheditor/xheditor_skin/default/img/progressbg.gif" publishTime="05/22/2012 13:04:20" />
    <file relUrl="Css/colorPicker.css" publishTime="07/08/2012 08:42:13" />
    <file relUrl="xheditor/xheditor_plugins/multiupload/swfupload/swfupload.swf" publishTime="05/22/2012 13:04:22" />
    <file relUrl="themes/green/images/listLine.png" publishTime="05/17/2012 18:44:56" />
    <file relUrl="xheditor/xheditor_emot/pidgin/victory.gif" publishTime="05/22/2012 13:04:21" />
    <file relUrl="themes/azure/images/pageHeader_bg.png" publishTime="05/17/2012 18:44:55" />
    <file relUrl="xheditor/xheditor_emot/ipb/blush.gif" publishTime="05/22/2012 13:04:21" />
    <file relUrl="themes/purple/images/pageHeader_bg.png" publishTime="05/17/2012 18:44:56" />
    <file relUrl="themes/default/images/layout/taskbar_icon.png" publishTime="05/17/2012 18:44:55" />
    <file relUrl="themes/green/images/alert/alertpanel.png" publishTime="05/17/2012 18:44:56" />
    <file relUrl="themes/green/images/dialog/dialogpanel.png" publishTime="05/17/2012 18:44:56" />
    <file relUrl="js/dwz.scrollCenter.js" publishTime="05/27/2012 20:34:18" />
    <file relUrl="js/jquery.easing.1.3.js" publishTime="05/27/2012 20:34:18" />
    <file relUrl="xheditor/xheditor_skin/o2007blue/img/tag-h6.gif" publishTime="05/22/2012 13:04:20" />
    <file relUrl="TalentCx/TalentCx.aspx.designer.cs" publishTime="07/15/2012 20:07:57" />
    <file relUrl="xheditor/xheditor_skin/o2007blue/img/icons.gif" publishTime="05/22/2012 13:04:20" />
    <file relUrl="themes/default/images/grid/tableth.png" publishTime="05/17/2012 18:44:55" />
    <file relUrl="themes/azure/images/panel/panel.png" publishTime="05/17/2012 18:44:55" />
    <file relUrl="themes/green/images/alert/alertpanel_icon.png" publishTime="05/17/2012 18:44:56" />
    <file relUrl="xheditor/xheditor_emot/pidgin/blush.gif" publishTime="05/22/2012 13:04:21" />
    <file relUrl="xheditor/xheditor_emot/default/doubt.gif" publishTime="05/22/2012 13:04:21" />
    <file relUrl="themes/default/images/shadow/shadow_c_c.png" publishTime="05/17/2012 18:44:55" />
    <file relUrl="xheditor/xheditor_skin/vista/img/tag-h1.gif" publishTime="05/22/2012 13:04:20" />
    <file relUrl="themes/purple/images/layout/taskbar.png" publishTime="05/17/2012 18:44:56" />
    <file relUrl="themes/default/images/panel/Thumbs.db" publishTime="05/17/2012 18:44:55" />
    <file relUrl="themes/azure/images/tabs/Thumbs.db" publishTime="05/17/2012 18:44:55" />
    <file relUrl="themes/silver/images/header_bg.png" publishTime="05/17/2012 18:44:56" />
    <file relUrl="xheditor/xheditor-1.1.13-zh-cn.min.js" publishTime="05/22/2012 13:04:30" />
    <file relUrl="xheditor/xheditor_skin/nostyle/img/tag-h5.gif" publishTime="05/22/2012 13:04:20" />
    <file relUrl="xheditor/xheditor_skin/o2007blue/img/progress.gif" publishTime="05/22/2012 13:04:20" />
    <file relUrl="xheditor/xheditor_skin/nostyle/ui.css" publishTime="05/22/2012 13:04:20" />
    <file relUrl="xheditor/xheditor_emot/msn/40.gif" publishTime="05/22/2012 13:04:21" />
    <file relUrl="themes/silver/images/shadow/shadow_c_l.png" publishTime="05/17/2012 18:44:56" />
    <file relUrl="xheditor/xheditor_skin/nostyle/img/tag-pre.gif" publishTime="05/22/2012 13:04:20" />
    <file relUrl="js/jquery.bgiframe.js" publishTime="05/27/2012 20:34:18" />
    <file relUrl="themes/azure/images/header_bg.png" publishTime="05/17/2012 18:44:55" />
    <file relUrl="uploadify/scripts/expressInstall.swf" publishTime="05/17/2012 18:44:56" />
    <file relUrl="xheditor/xheditor_skin/vista/img/tag-h2.gif" publishTime="05/22/2012 13:04:20" />
    <file relUrl="xheditor/xheditor_emot/ipb/smile.gif" publishTime="05/22/2012 13:04:21" />
    <file relUrl="xheditor/xheditor_emot/default/wail.gif" publishTime="05/22/2012 13:04:21" />
    <file relUrl="themes/azure/images/button/button_s.png" publishTime="05/17/2012 18:44:55" />
    <file relUrl="bin/IBatisNet.DataMapper.dll" publishTime="02/02/2012 18:56:10" />
    <file relUrl="TalentInfo/TalentLlist.aspx.designer.cs" publishTime="07/19/2012 07:29:23" />
    <file relUrl="TalentInfo/TalentStudy.aspx.designer.cs" publishTime="07/19/2012 07:29:47" />
    <file relUrl="xheditor/xheditor_emot/ipb/kiss.gif" publishTime="05/22/2012 13:04:21" />
    <file relUrl="xheditor/xheditor_skin/vista/img/progress.gif" publishTime="05/22/2012 13:04:20" />
    <file relUrl="xheditor/xheditor_skin/vista/img/tag-address.gif" publishTime="05/22/2012 13:04:20" />
    <file relUrl="xheditor/xheditor_emot/ipb/laugh.gif" publishTime="05/22/2012 13:04:21" />
    <file relUrl="themes/purple/images/layout/taskbar_control.png" publishTime="05/17/2012 18:44:56" />
    <file relUrl="xheditor/xheditor_emot/ipb/depres.gif" publishTime="05/22/2012 13:04:21" />
    <file relUrl="xheditor/xheditor_skin/default/img/tag-address.gif" publishTime="05/22/2012 13:04:20" />
    <file relUrl="xheditor/xheditor_emot/msn/10.gif" publishTime="05/22/2012 13:04:21" />
    <file relUrl="bin/OWC10Chart.dll" publishTime="02/02/2012 18:56:08" />
    <file relUrl="themes/default/images/shadow/shadow_h_r.png" publishTime="05/17/2012 18:44:56" />
    <file relUrl="xheditor/xheditor_emot/pidgin/tongue.gif" publishTime="05/22/2012 13:04:21" />
    <file relUrl="xheditor/xheditor_emot/msn/39.gif" publishTime="05/22/2012 13:04:21" />
    <file relUrl="report.ashx.cs" publishTime="07/22/2012 21:18:41" />
    <file relUrl="uploadify/scripts/swfobject.js" publishTime="05/17/2012 18:44:56" />
  </publishProfile>
</publishData>