<?xml version="1.0" encoding="UTF-8" ?>
<!DOCTYPE struts PUBLIC "-//Apache Software Foundation//DTD Struts Configuration 2.1//EN" "http://struts.apache.org/dtds/struts-2.1.dtd">
<struts>
	<!-- struts2委托spring管理 -->
	<constant name="struts.objectFactory" value="spring" />

	<constant name="struts.locale" value="zh_CN"></constant>
  	<constant name="struts.i18n.encoding" value="GBK"></constant>
	
	
	<!--  
	
	  
	<constant name="struts.convention.action.suffix" value="Action" />
	
	
	
	 <constant name="struts.convention.action.mapAllMatches" value="false" />
	
	<constant name="struts.convention.default.parent.package"
		value="rest-default" />

	
	
	<constant name="struts.convention.action.packages" value="org.hy.action"  />

	
	
	<constant name="struts.convention.package.locators" value="action"  />
  
	<constant name="struts.mapper.class"
		value="org.hy.mapper.CustomerRestActionMapper" />
	-->
	
	
	<constant name="struts.convention.result.path" value="/pages" />  
	<constant name="struts.convention.package.locators" value="action" />
	
	<constant name="struts.convention.action.packages" value="org.hy.action"  />  
	<constant name="struts.convention.action.name.separator" value="-" />
	<constant name="struts.convention.action.suffix" value="Action"/>
	<constant name="struts.convention.action.mapAllMatches" value="false"/> 
	
	
	
	
	<!-- 
	
	<constant name="struts.mapper.class"
		value="org.apache.struts2.rest.RestActionMapper" /> -->
	

	<!-- /crm/emp/add.action -->
	 
	<!--  
	<include file="struts-default.xml" />
	-->
	<!--  
	<package name="acct" extends="struts-default" namespace="/web">
		
	
	</package>-->
</struts>
