<?xml version="1.0" encoding="UTF-8"?>
<proxool-config>
   <proxool>
      <alias>X6DB</alias>
      <driver-url>jdbc:sqlserver://192.168.0.151:1433;DatabaseName=EPApp</driver-url>
      <driver-class>com.microsoft.sqlserver.jdbc.SQLServerDriver</driver-class>
      <driver-properties>
      <property name="user" value="001"/>
      <property name="password" value="0IYPGWNY"/>
      </driver-properties>
      <house-keeping-sleep-time>60000</house-keeping-sleep-time>
      <maximum-connection-count>20</maximum-connection-count>　
      <minimum-connection-count>5</minimum-connection-count>
      <prototype-count>0</prototype-count>
      <simultaneous-build-throttle>20</simultaneous-build-throttle>
      <house-keeping-test-sql>select CURRENT_DATE</house-keeping-test-sql>
      <statistics>15s,10m,1d</statistics>
      <statistics-log-level>INFO</statistics-log-level>
   </proxool>
   <proxool>
    
   </proxool>
</proxool-config> 